ID,Key,Tgate,Tstep,Velo,SR,GR_SR,PhoV,Part,Dyn,Bar,TMDid,Remain,Check,Scale,Gate,Time,Step,SR_avg,n_SR,DifKey,
1,75,240,240, 34,1.85417,1.41798,e,2,p,1,1,2,0,0,631,0,445.0008,2.07322204651473,0.539324873123824,a,
2,74,240,240,60,1,1,e,2,p,1,2,2,0,0,240,0,240,1.11814021719407,2.32083,a,
3,73,160,160, 41,2.32083,1.2298,x,2,p,2,3,2,0,0,685,445,371.3328,2.59501336027051,0.937164721241969,t,
4,75,160,160, 30,1.61042,0.736524,x,2,p,2,5,2,0,0,1708,1002,257.6672,1.80067536857367,0.620956023894388,b,
5,73,160,160,60,1,1,x,2,p,2,6,2,0,0,160,1002,160,1.11814021719407,1.19375,a,
6,72,240,240, 42,1.19375,2.03141,e,2,p,2,7,2,0,0,388,1350,286.5,1.33477988427542,1.22513089005236,k,
7,73,240,240, 30,0.89375,0.745921,e,2,p,2,10,2,0,0,320,1775,214.5,0.999337819117199,1,D,
8,77,240,240, 30,0.89375,0.745921,e,2,p,2,11,2,0,0,320,1775,214.5,0.999337819117199,1.03496503496504,p,
9,75,240,240, 30,1.05417,0.715415,e,2,p,2,14,2,0,0,362,2204,253.0008,1.17870987275947,1,b,
10,73,960,960, 30,1.05417,0.715415,h,2,p,3,15,2,0,0,362,2204,1012.0032,1.17870987275947,1.16205166149672,u,
11,72,480,960,60,1,1,q,2,p,3,19,2,0,0,480,2710,960,1.11814021719407,1.09375,l,
12,69,240,240, 23,0.752083,1,e,2,p,4,23,2,0,0,361,3796,180.49992,0.840934248967966,1,i,
13,70,240,240,60,1,1,e,2,p,4,26,2,0,0,240,4157,240,1.11814021719407,1,B,
14,72,160,160,60,1,1,x,2,p,4,27,2,0,0,160,4157,160,1.11814021719407,0.858333,l,
15,75,160,160, 30,0.970833,0.776824,x,2,p,4,30,2,0,0,362,4619,155.33328,1.08552742147917,1.11587677798344,b,
16,73,160,160, 44,1.08333,1.18077,x,2,p,4,31,2,0,0,307,4825,173.3328,1.21131484149285,0.928849011843114,a,
17,72,960,960, 68,1.00625,1.29814,h,2,p,5,32,2,0,0,209,5085,966,1.12512859355153,1.00827826086957,w,
18,70,480,480, 57,1.10625,1.64407,q,2,p,5,36,2,0,0,291,5373,531,1.23694261527094,0.974580790960452,l,
19,70,720,720,60,1,1,c,2,p,6,39,2,0,0,720,5572,720,1.11814021719407,1.075,t,
20,68,240,240, 24,1.08958,0.998088,e,2,p,6,43,2,0,0,522,6585,261.4992,1.21830321785031,1,0,
21,68,160,160, 24,1.08958,0.998088,x,2,p,6,44,2,0,0,522,6585,174.3328,1.21830321785031,0.873170395932378,i,
22,67,160,160,60,1,1,x,2,p,6,47,2,0,0,160,7108,160,1.11814021719407,1.1,b,
23,65,160,160, 31,1.1,1.2822,x,2,p,6,48,2,0,0,677,7557,176,1.22995423891348,1,0,
24,65,960,960, 31,1.1,0.964015,h,2,p,7,49,2,0,0,509,7557,1056,1.22995423891348,1.10606363636364,n,
25,63,480,960, 31,1.17083,1,q,2,p,7,53,2,0,0,562,8085,1123.9968,1.30915211049733,0.784699742917418,c,
26,79,240,240, 37,0.883333,1.02358,e,2,f,8,57,2,0,0,1302,8647,211.99992,0.987690152474688,1.13207589889657,p,
27,77,240,240, 37,0.825,1,e,2,f,8,62,2,0,0,396,9553,198,0.922465679185106,1,b,
28,75,240,240, 37,0.825,1,e,2,f,8,63,2,0,0,396,9553,198,0.922465679185106,1.72475151515152,n,
29,73,240,240, 68,2.56667,0.512987,e,2,f,8,67,2,0,0,316,10632,616.0008,2.8698969512655,0.339285143785528,b,
30,71,960,960, 50,0.870833,0.95933,h,2,p,9,68,2,0,0,401,10632,835.99968,0.973713399759762,1,#,
31,72,720,720, 42,0.93125,0.997763,c,2,p,9,73,2,0,0,446,11050,670.5,1.04126807726198,1,l,
32,73,240,240, 42,0.85,1,e,2,p,10,78,2,0,0,408,11497,204,0.950419184614958,1.21323529411765,I,
33,82,240,240, 34,1.03125,0.959596,e,2,p,10,79,2,0,0,475,11905,247.5,1.15308209898138,1,u,
34,80,240,240, 44,1.46111,1,e,2,p,10,82,2,0,0,1052,12400,350.6664,1.63372585274443,0.988118622143439,c,
35,77,240,240, 31,1.44375,1,e,2,p,10,83,2,0,0,693,12400,346.5,1.61431493857394,1,p,
36,73,240,240, 29,1.73333,0.725962,e,2,p,10,86,2,0,0,1812,13093,415.9992,1.93810598266899,0.576924186392666,0,
37,73,960,960,60,1,1,h,2,mp,11,87,2,0,0,960,13093,960,1.11814021719407,1.97083,u,
38,72,480,480, 29,1.17708,0.782301,q,2,mp,11,91,2,0,0,442,13925,564.9984,1.31614048685479,0.814161314439121,l,
39,69,96,96, 29,0.866667,0.709135,0,2,p,12,94,2,0,0,295,14490,83.200032,0.969055227614932,1,r,
40,70,96,96, 43,0.941667,1,0,2,p,12,96,2,0,0,226,14680,90.400032,1.05291574390449,1.02986724606469,a,
41,69,96,96, 43,0.969792,1,0,2,p,12,97,2,0,0,931,14906,93.100032,1.08436343751307,0.958109574011747,a,
42,68,96,96, 29,0.929167,1.06129,0,2,p,12,98,2,0,0,1420,14906,89.200032,1.03893899118956,1.07623279776402,A,
43,69,96,96,60,1,1,0,2,p,12,99,2,0,0,96,14906,96,1.11814021719407,1.01042,C,
44,72,160,160, 29,1.01042,1,x,2,p,12,100,2,0,0,485,15352,161.6672,1.12979123825723,1,l,
45,75,160,160, 29,1.01875,1,x,2,p,12,103,2,0,0,489,15837,163,1.13910534626646,1,B,
46,77,160,160, 29,1.01875,1,x,2,p,12,104,2,0,0,489,15837,163,1.13910534626646,1.10429447852761,A,
47,78,240,360, 33,1.125,1.41667,e,2,mp,12,105,2,0,0,153,16326,405,1.25790774434333,1.00740444444444,r,
48,69,120,120, 33,1.13542,1.40367,s,2,p,12,108,2,0,0,153,16434,136.2504,1.26955876540649,0.990822779235877,C,
49,72,960,960, 33,1.125,1.40741,h,2,p,13,109,2,0,0,152,16543,1080,1.25790774434333,1.00926222222222,c,
50,70,480,480, 26,1.32083,0.777603,q,2,p,13,114,2,0,0,493,16870,633.9984,1.47687314307644,0.634071000810097,l,
51,70,720,720, 41,1.63333,1.44643,c,2,p,14,117,2,0,0,567,17466,1175.9976,1.82629196094959,1.17602076738932,t,
52,68,240,240, 33,3.1,0.327957,e,2,p,14,121,2,0,0,122,18054,744,3.46623467330161,0.360216129032258,0,
53,68,160,160, 33,1.11667,1,x,2,p,14,122,2,0,0,1072,18426,178.6672,1.2485936363341,1,i,
54,67,160,160,60,1,1,x,2,p,14,125,2,0,0,160,18426,160,1.11814021719407,1.1375,b,
55,65,160,160, 25,1.1375,1,x,2,p,14,126,2,0,0,546,18952,182,1.27188449705825,1,0,
56,65,960,960, 25,1.1375,1,h,2,p,15,127,2,0,0,546,18952,1092,1.27188449705825,0.926742857142857,z,
57,63,480,480, 31,0.84375,1.12263,q,2,p,15,132,2,0,0,1364,20004,405,0.943430808257495,1.18518518518519,c,
58,63,160,160, 51,1.07083,0.937743,x,2,p,16,136,2,0,0,241,20640,171.3328,1.19733808877792,0.992220987458327,x,
59,65,160,160, 31,0.983333,1,x,2,p,16,138,2,0,0,472,20897,157.33328,1.09950417419409,1,b,
60,63,160,160, 31,0.983333,1,x,2,p,16,139,2,0,0,472,20897,157.33328,1.09950417419409,0.826271466532701,a,
61,62,240,240, 64,0.8125,1.59231,e,2,p,16,140,2,0,0,207,21067,195,0.908488926470181,1.32307692307692,a,
62,63,240,240, 28,0.908333,0.965596,e,2,p,16,144,2,0,0,421,21834,217.99992,1.01564365790454,1,J,
63,73,240,240, 28,0.908333,0.965596,e,2,p,16,145,2,0,0,421,21834,217.99992,1.01564365790454,1,h,
64,72,240,240, 28,1.14167,1,e,2,p,16,150,2,0,0,548,22270,274.0008,1.27654714176395,1.32481365017912,e,
65,68,960,960, 31,1.24583,1,h,2,p,17,152,2,0,0,598,22818,1195.9968,1.39301262678689,0.782610789594086,x,
66,75,240,240, 31,1.4375,0.96087,e,2,p,17,156,2,0,0,663,23416,345,1.60732656221647,1,a,
67,74,240,240, 31,1.4375,1,e,2,p,17,157,2,0,0,690,23416,345,1.60732656221647,1,a,
68,73,160,160, 31,1.4375,0.96087,x,2,p,18,158,2,0,0,663,23416,230,1.60732656221647,1.20869565217391,t,
69,75,160,160, 42,1.52917,1.35422,x,2,p,18,160,2,0,0,497,24106,244.6672,1.70982647592665,1,b,
70,73,160,160, 28,1.52917,1.35422,x,2,p,18,161,2,0,0,497,24106,244.6672,1.70982647592665,1.2261553653289,a,
71,72,240,240, 25,1.875,1,e,2,p,18,162,2,0,0,900,24106,450,2.09651290723888,1,k,
72,73,240,240, 33,2.22083,1.17073,e,2,p,18,165,2,0,0,624,24473,532.9992,2.4831993385511,1,D,
73,77,240,240, 25,2.22083,1.16135,e,2,p,18,166,2,0,0,619,24488,532.9992,2.4831993385511,0.684802528784283,p,
74,75,240,240, 24,1.54896,0.963013,e,2,p,18,169,2,0,0,716,25750,371.7504,1.73195447082492,1,b,
75,73,960,960, 24,1.54896,0.963013,h,2,p,19,170,2,0,0,716,25750,1487.0016,1.73195447082492,0.946874031608305,u,
76,72,480,960, 54,1.8625,1.18792,q,2,p,19,174,2,0,0,354,27237,1788,2.08253615452395,0.76621744966443,l,
77,69,240,240, 61,1.2375,1.37879,e,2,p,20,178,2,0,0,273,27724,297,1.38369851877766,0.548821818181818,i,
78,70,240,240, 37,0.6875,0.709091,e,2,p,20,181,2,0,0,234,27922,165,0.768721399320922,1.01212072727273,B,
79,72,240,240, 67,0.695833,1.37725,e,2,p,20,182,2,0,0,230,28085,166.99992,0.7780388617508,1.01197701172551,l,
80,75,240,240, 33,0.889583,0.648712,e,2,p,20,185,2,0,0,277,28252,213.49992,0.994678528832151,1.20843136615695,b,
81,72,960,960, 49,0.916667,1.13068,h,2,p,21,187,2,0,0,995,28679,880.00032,1.02496223847464,1.04318143884311,w,
82,70,480,480, 31,0.877083,0.845606,q,2,p,21,191,2,0,0,356,29138,420.99984,0.980701776117225,0.908551414176309,l,
83,70,720,720, 27,0.75,0.844444,c,2,p,22,194,2,0,0,304,29559,540,0.838605162895551,1.125,t,
84,68,240,240, 34,0.841667,1.30198,e,2,p,22,198,2,0,0,263,30324,202.00008,0.94110172218508,0.878712127242722,0,
85,68,160,160, 33,0.739583,0.709859,x,2,p,22,199,2,0,0,252,30324,118.33328,0.826957496253041,1,i,
86,67,160,160, 59,0.6,2.11111,x,2,p,22,202,2,0,0,304,30679,96,0.670884130316441,1.506945,b,
87,65,160,160, 33,0.904167,0.668203,x,2,p,22,203,2,0,0,290,30679,144.66672,1.01098548575971,1,0,
88,65,960,960, 33,0.904167,0.668203,h,2,p,23,204,2,0,0,290,30679,868.00032,1.01098548575971,1.33640135063545,n,
89,63,480,960, 37,0.822917,1.19325,q,2,p,23,208,2,0,0,1414,31113,790.00032,0.920136593112691,1.21518938118911,c,
90,79,240,240, 50,1.18125,0.984127,e,2,f,24,212,2,0,0,558,31960,283.5,1.32080313156049,1,p,
91,77,240,240,60,1,1,e,2,f,24,217,2,0,0,240,32527,240,1.11814021719407,1.0125,b,
92,75,240,240, 37,1.0125,0.911523,e,2,f,24,218,2,0,0,443,32979,243,1.13211696990899,1,n,
93,73,240,240, 39,0.979167,0.908511,e,2,f,24,222,2,0,0,427,33465,235.00008,1.09484600204926,1,b,
94,71,960,960, 39,0.979167,0.908511,h,2,p,25,223,2,0,0,427,33465,940.00032,1.09484600204926,1.00212731842474,#,
95,72,720,720,60,1,1,c,2,p,25,228,2,0,0,720,33935,720,1.11814021719407,0.829167,l,
96,73,240,240, 37,0.754167,1.00276,e,2,p,26,233,2,0,0,363,34724,181.00008,0.843264453180599,1.78452517811042,I,
97,82,240,240, 42,1.34583,0.998452,e,2,p,26,234,2,0,0,645,35086,322.9992,1.50482664850629,0.743035896064139,u,
98,80,240,240, 82,2.5875,0.547504,e,2,p,26,237,2,0,0,340,35732,621,2.89318781198965,0.345410628019324,c,
99,77,240,240, 42,0.89375,0.944056,e,2,p,26,238,2,0,0,405,35732,214.5,0.999337819117199,1,p,
100,73,240,240, 82,0.770833,1.51892,e,2,p,26,241,2,0,0,281,35976,184.99992,0.861899378040355,0.99459545712236,0,
101,73,960,960, 82,0.766667,1.64674,h,2,mp,27,242,2,0,0,303,36161,736.00032,0.857241205895525,1.12499951086978,u,
102,72,480,480, 74,0.958333,1.50435,q,2,mp,27,246,2,0,0,346,36345,459.99984,1.07155066876424,1.12609082646637,l,
103,69,73,74, 30,1.22292,0.957411,0,2,p,28,249,2,0,0,562,37024,90.49608,1.36739603441097,1,r,
104,70,73,74, 30,1.22292,0.957411,0,2,p,28,251,2,0,0,562,37024,90.49608,1.36739603441097,1.35831452588886,a,
105,69,73,74, 48,1.66111,1.00084,0,2,p,28,252,2,0,0,1197,37611,122.92214,1.85735389618324,0.899248093142537,a,
106,68,73,74, 30,1.49375,1.00139,0,2,p,28,253,2,0,0,718,37611,110.5375,1.67022194943364,1,A,
107,69,73,74, 30,1.49375,1.00139,0,2,p,28,254,2,0,0,718,37611,110.5375,1.67022194943364,1,A,
108,70,73,74, 30,1.49375,1.00139,0,2,p,28,255,2,0,0,718,37611,110.5375,1.67022194943364,1.23012552301255,A,
109,71,73,74, 26,1.8375,0.710506,0,2,p,28,256,2,0,0,1880,38328,135.975,2.0545826490941,0.54421768707483,k,
110,72,73,74, 39,1.45833,1.16857,0,2,p,28,259,2,0,0,409,39210,107.91642,1.63061742294063,0.780001782861218,A,
111,73,73,74, 26,1.1375,0.824176,0,2,p,28,260,2,0,0,450,39210,84.175,1.27188449705825,1,A,
112,74,73,74, 26,1.1375,0.824176,0,2,p,28,261,2,0,0,450,39210,84.175,1.27188449705825,0.717949010989011,A,
113,75,73,74, 35,0.816667,1.34694,0,2,p,28,262,2,0,0,264,39560,60.433358,0.913148216755228,1.15306116201585,A,
114,76,73,74, 24,0.941667,1.30531,0,2,p,28,263,2,0,0,295,39756,69.683358,1.05291574390449,1,A,
115,77,73,74, 26,0.941667,0.756637,0,2,p,28,264,2,0,0,342,39756,69.683358,1.05291574390449,1,A,
116,78,240,360, 26,0.941667,0.756637,e,2,mp,28,265,2,0,0,342,39756,339.00012,1.05291574390449,1,r,
117,69,120,120, 26,0.9875,1.14979,s,2,mp,28,268,2,0,0,1635,40208,118.5,1.10416346447914,1.0126582278481,C,
118,72,960,960,60,1,1,h,2,mp,29,269,2,0,0,960,40208,960,1.11814021719407,1.24167,c,
119,70,480,480, 19,1.1722,1.00417,q,2,p,29,274,2,0,0,565,41278,562.656,1.31068396259489,1.08366319740659,l,
120,70,720,720,60,1,1,c,2,p,30,277,2,0,0,720,41843,720,1.11814021719407,1.24324,t,
121,68,240,240, 46,1.25676,1.3407,e,2,p,30,281,2,0,0,123,42217,301.6224,1.40523389936082,1,0,
122,68,160,160, 49,1.25676,1.3298,x,2,p,30,282,2,0,0,122,42310,201.0816,1.40523389936082,1.87096183837805,i,
123,67,160,160, 34,1.3875,0.267267,x,2,p,30,285,2,0,0,178,42367,222,1.55141955135677,0.866810810810811,b,
124,65,160,160, 49,1.2027,1.32123,x,2,p,30,286,2,0,0,116,42484,192.432,1.34478723921931,1.01124137357612,0,
125,65,960,960, 49,1.21622,1.32907,h,2,p,31,287,2,0,0,118,42573,1167.5712,1.35990449495577,0.988883590139942,z,
126,63,480,480, 40,1.56111,1.45996,q,2,p,31,292,2,0,0,547,43033,749.3328,1.74553987446383,1.27046140246363,c,
127,63,160,160, 49,3.25,0.323077,x,2,p,32,296,2,0,0,126,43595,520,3.63395570588072,0.372436923076923,x,
128,65,160,160, 49,1.21042,4.46816,x,2,p,32,298,2,0,0,1298,43985,193.6672,1.35341928169604,1,b,
129,63,160,160, 28,1.21042,1.00057,x,2,p,32,299,2,0,0,1744,43985,193.6672,1.35341928169604,0.826159514879133,a,
130,62,240,240,60,1,1,e,2,p,32,300,2,0,0,240,43985,240,1.11814021719407,1.21042,a,
131,63,240,240, 28,1.21042,1,e,2,p,32,304,2,0,0,581,45147,290.5008,1.35341928169604,1,J,
132,73,240,240, 28,1.21042,1,e,2,p,32,305,2,0,0,581,45147,290.5008,1.35341928169604,0.907627104641364,h,
133,72,240,240, 32,1.17292,0.909414,e,2,p,32,310,2,0,0,512,46214,281.5008,1.31148902355127,1,e,
134,68,960,960, 59,2.69375,0.596288,h,2,p,33,312,2,0,0,257,46519,2586,3.01199021006652,0.385150812064965,x,
135,72,240,240, 69,0.9875,0.924051,e,2,p,33,316,2,0,0,146,47117,237,1.10416346447914,1.00210936708861,a,
136,71,240,240, 59,0.989583,1.11368,e,2,p,33,317,2,0,0,1058,47275,237.49992,1.10649255055156,1.01262855162225,a,
137,70,160,160, 44,1.00208,2.34096,x,2,mf,34,318,2,0,0,1126,47275,160.3328,1.12046594884583,0.975054885837458,e,
138,72,160,160, 56,1.09583,0.891635,x,2,mf,34,322,2,0,0,469,48225,175.3328,1.22529159420778,1,b,
139,70,160,160, 41,1.09583,1,x,2,mf,34,323,2,0,0,526,48225,175.3328,1.22529159420778,1,a,
140,69,240,240, 41,1.09583,1,e,2,mf,34,324,2,0,0,526,48225,262.9992,1.22529159420778,1,A,
141,70,240,240, 41,1.09583,1,e,2,mf,34,325,2,0,0,526,48225,262.9992,1.22529159420778,1.47148736574104,h,
142,70,240,240, 45,1.23333,2.69595,e,2,mf,34,327,2,0,0,1596,48751,295.9992,1.37903587407196,0.871623977362101,h,
143,82,240,240, 59,1.075,1.87209,e,2,mf,34,329,2,0,0,322,49181,258,1.20200073348362,1.94960930232558,B,
144,84,360,360, 59,2.09583,0.640159,d,2,mf,35,330,2,0,0,322,49181,754.4988,2.34343181140184,0.721671127906366,u,
145,82,120,120, 45,1.5125,0.929752,s,2,mf,35,333,2,0,0,675,49343,181.5,1.69118707850603,1.06060826446281,c,
146,79,240,240, 63,1.60417,1.20779,e,2,mf,35,334,2,0,0,465,49684,385.0008,1.79368699221621,0.898701509191669,d,
147,75,240,240, 41,1.44167,1.37283,e,2,mf,35,335,2,0,0,475,50069,346.0008,1.61198920692217,1,q,
148,70,480,480, 32,1.77083,1,q,2,mf,35,337,2,0,0,850,50069,849.9984,1.98003624081377,1,l,
149,70,160,160, 32,1.77083,1,x,2,mf,36,339,2,0,0,850,50069,283.3328,1.98003624081377,1.18588458519451,h,
150,72,160,160, 32,2.17292,1.69032,x,2,mf,36,343,2,0,0,1763,50919,347.6672,2.42962924074534,0.836528726322184,b,
151,70,160,160, 24,1.81771,1.09341,x,2,mf,36,344,2,0,0,954,51962,290.8336,2.03245465419583,1,a,
152,69,240,240, 24,1.81771,1.09341,e,2,mf,36,345,2,0,0,954,51962,436.2504,2.03245465419583,0.827508238387862,A,
153,70,240,240, 30,1.50417,1.3518,e,2,mf,36,346,2,0,0,488,52915,361.0008,1.6818729704968,0.664818471316407,l,
154,70,240,240, 30,1.79583,1.09977,e,2,mf,36,348,2,0,0,474,53276,430.9992,2.00798974624362,0.574247005562887,l,
155,82,240,240, 37,0.823611,0.968803,e,2,mf,36,350,2,0,0,1149,53707,197.66664,0.920912582423424,1,B,
156,84,360,360, 37,0.823611,1,d,2,mf,37,351,2,0,0,593,53707,296.49996,0.920912582423424,1,u,
157,82,120,120, 35,0.779167,1,s,2,mf,37,355,2,0,0,187,54113,93.50004,0.871217958610451,1,c,
158,79,240,240, 37,0.779167,0.871658,e,2,mf,37,356,2,0,0,163,54300,187.00008,0.871217958610451,1,d,
159,75,240,240, 37,0.779167,0.641711,e,2,mf,37,357,2,0,0,120,54300,187.00008,0.871217958610451,0.989303961795097,q,
160,70,480,480, 49,0.76875,1,q,2,mf,37,359,2,0,0,369,54487,369,0.85957029196794,0.997290406504065,l,
161,70,160,160, 55,0.738889,0.24812,x,2,mf,38,361,2,0,0,66,54856,118.22224,0.826181506942308,1,e,
162,72,160,160, 54,0.741667,1,x,2,mf,38,365,2,0,0,89,55122,118.66672,0.829287700465673,0.994381575558843,b,
163,70,160,160, 54,0.7375,1,x,2,mf,38,366,2,0,0,177,55211,118,0.824628410180625,1.35593220338983,a,
164,69,240,240,60,1,1,e,2,mf,38,367,2,0,0,240,55211,240,1.11814021719407,0.741667,A,
165,70,240,240, 51,0.741667,0.994382,e,2,mf,38,368,2,0,0,177,55388,178.00008,0.829287700465673,1,h,
166,70,240,240, 45,0.641667,0.938312,e,2,mf,38,370,2,0,0,289,55566,154.00008,0.717473678746266,1,h,
167,82,240,240, 49,0.5875,1.38298,e,2,mf,38,372,2,0,0,130,55874,141,0.656907377601515,0.962175319148936,B,
168,84,360,360, 37,0.565278,0.984029,d,2,mf,39,373,2,0,0,801,55874,203.50008,0.632060065695028,1,u,
169,82,120,120, 49,0.5875,1.39362,s,2,mf,39,376,2,0,0,131,55968,70.5,0.656907377601515,0.936170212765957,c,
170,79,240,240, 49,0.55,1.44318,e,2,mf,39,377,2,0,0,127,56062,132,0.614977119456738,1.03030363636364,d,
171,75,240,240, 49,0.566667,1.16912,e,2,mf,39,378,2,0,0,159,56150,136.00008,0.633613162456711,1.05882290657476,q,
172,70,480,480, 37,0.620833,0.469799,q,2,mf,39,380,2,0,0,70,56281,297.99984,0.694178345461245,0.744966842935218,l,
173,70,160,160, 49,0.510417,0.685714,x,2,mf,40,382,2,0,0,168,56430,81.66672,0.570717775239545,1.09387618359106,x,
174,72,160,160, 58,0.697222,0.191235,x,2,mf,40,384,2,0,0,48,56675,111.55552,0.779591958512483,0.970119990476491,b,
175,70,160,160, 37,0.676389,0.967146,x,2,mf,40,385,2,0,0,942,56675,108.22224,0.756297743367679,1,a,
176,69,240,240, 37,0.676389,0.967146,e,2,mf,40,386,2,0,0,942,56675,162.33336,0.756297743367679,1,g,
177,70,240,240, 58,0.7,1.45238,e,2,mf,40,389,2,0,0,122,56926,168,0.782698152035848,0.904761428571429,J,
178,80,240,240, 58,0.633333,1.25658,e,2,mf,40,390,2,0,0,191,57010,151.99992,0.708155098176171,1.57894819944642,r,
179,79,240,240, 37,0.633333,0.513158,e,2,mf,40,393,2,0,0,78,57162,151.99992,0.708155098176171,0.996711050900553,b,
180,77,720,720, 58,0.63125,0.907591,c,2,mf,41,394,2,0,0,275,57314,454.5,0.705826012103756,1,z,
181,75,240,240, 37,0.594444,0.997664,e,2,mf,41,398,2,0,0,427,57617,142.66656,0.664671743269711,1,h,
182,67,240,240, 37,0.594444,0.96729,e,2,mf,41,399,2,0,0,828,57617,142.66656,0.664671743269711,0.998832522491606,d,
183,68,240,240, 57,0.595833,1.25874,e,2,mf,41,402,2,0,0,180,57902,142.99992,0.666224840031393,0.993008107976564,B,
184,70,160,160, 57,0.591667,0.894366,x,2,p,42,403,2,0,0,127,58045,94.66672,0.661566667886563,1,e,
185,72,160,160, 71,0.541667,0.992308,x,2,p,42,407,2,0,0,129,58316,86.66672,0.605659657026859,1.04102520552295,b,
186,70,160,160, 71,0.563889,0.192118,x,2,p,42,408,2,0,0,39,58446,90.22224,0.630506968933346,1.03694521439503,a,
187,69,240,240, 37,0.584722,1.07126,e,2,p,42,409,2,0,0,902,58446,140.33328,0.65380118407815,1,A,
188,70,240,240, 37,0.584722,1.07126,e,2,p,42,410,2,0,0,902,58446,140.33328,0.65380118407815,1.71021442668482,h,
189,70,120,120, 65,0.566667,1.55882,s,2,p,42,412,2,0,0,106,58649,68.00004,0.633613162456711,1.10294052768204,h,
190,82,360,360,60,1,1,d,2,p,42,414,2,0,0,360,58717,360,1.11814021719407,0.629167,B,
191,84,240,360, 63,0.629167,1.27815,e,2,p,43,415,2,0,0,193,58867,226.50012,0.703496926031341,1,u,
192,82,120,120, 49,0.685417,1,s,2,p,43,418,2,0,0,329,59018,82.25004,0.766392313248507,1.12158000166322,c,
193,79,240,240, 67,0.76875,1.4878,e,2,p,43,419,2,0,0,183,59347,184.5,0.85957029196794,1.00270959349593,d,
194,75,240,240, 50,0.770833,1,e,2,p,43,420,2,0,0,370,59347,184.99992,0.861899378040355,1.0054058401755,q,
195,70,480,480, 67,0.76875,1.49593,q,2,p,43,422,2,0,0,184,59594,369,0.85957029196794,1.00813008130081,l,
196,70,160,160, 55,0.775,0.755376,x,2,p,44,424,2,0,0,281,59717,124,0.866558668325403,1,h,
197,72,160,160, 57,1.1125,0.754682,x,2,p,44,428,2,0,0,403,60089,178,1.2439309916284,1,b,
198,70,160,160, 57,1.1125,0.754682,x,2,p,44,429,2,0,0,403,60089,178,1.2439309916284,0.992512359550562,a,
199,69,240,240, 56,1.10417,1.24151,e,2,p,44,430,2,0,0,329,60358,265.0008,1.23461688361917,0.767293079869948,A,
200,70,240,240, 42,0.847222,1,e,2,p,44,431,2,0,0,610,60623,203.33328,0.947312991091593,0.939344115237801,l,
201,70,120,120, 40,0.947917,0.947253,s,2,p,44,433,2,0,0,431,61005,113.75004,1.05990412026195,1,l,
202,82,360,360, 40,0.945833,1.00441,d,2,p,44,435,2,0,0,228,61233,340.49988,1.05757391604932,1.12334841351486,B,
203,84,240,360, 40,1.0625,1,e,2,p,45,436,2,0,0,255,61460,382.5,1.1880239807687,1.39607529411765,u,
204,82,120,120, 29,1.13125,1.0442,s,2,p,45,440,2,0,0,189,62172,135.75,1.26489612070079,0.616328839779005,c,
205,79,240,240, 29,0.697222,1.03884,e,2,p,45,441,2,0,0,1043,62172,167.33328,0.779591958512483,1,d,
206,75,240,240, 29,0.697222,1,e,2,p,45,442,2,0,0,502,62172,167.33328,0.779591958512483,1,q,
207,70,480,480, 36,0.6875,1.04545,q,2,p,45,444,2,0,0,115,62353,330,0.768721399320922,0.909090909090909,l,
208,70,160,160, 36,0.625,1.05333,x,2,p,46,446,2,0,0,158,62563,100,0.698837635746293,0.9866672,e,
209,72,160,160, 49,0.797917,1.00261,x,2,p,46,450,2,0,0,384,62832,127.66672,0.892183087682839,0.999128982087109,b,
210,70,160,160, 49,0.797222,1.00348,x,2,p,46,451,2,0,0,288,62928,127.55552,0.89140598023189,0.839720930932664,a,
211,69,240,240, 61,0.669444,0.298755,e,2,p,46,452,2,0,0,48,63215,160.66656,0.748532259559266,0.997926637627643,A,
212,70,240,240, 37,0.668056,0.968815,e,2,p,46,453,2,0,0,932,63215,160.33344,0.746980280937801,1,h,
213,70,120,120,60,1,1,s,2,p,46,455,2,0,0,120,63215,120,1.11814021719407,1,h,
214,82,360,360, 61,0.666667,1,d,2,p,46,457,2,0,0,80,63456,240.00012,0.745427184176118,1,B,
215,84,240,360, 54,0.666667,1,e,2,p,47,458,2,0,0,160,63536,240.00012,0.745427184176118,1.49999925000037,u,
216,82,120,120, 37,0.670833,0.596273,s,2,p,47,461,2,0,0,96,63696,80.49996,0.750085356320949,0.903727157131507,c,
217,79,240,240, 44,0.60625,0.917526,e,2,p,47,462,2,0,0,267,63857,145.5,0.677872506673904,1,d,
218,75,240,240, 49,0.60625,1,e,2,p,47,463,2,0,0,291,63857,145.5,0.677872506673904,0.938144329896907,q,
219,70,480,480, 55,0.555556,0.9625,q,2,p,47,465,2,0,0,770,64148,266.66688,0.621189506503468,1,l,
220,70,160,160, 55,0.555556,0.5,x,2,p,48,467,2,0,0,400,64148,88.88896,0.621189506503468,1.04624916300067,x,
221,72,160,160, 58,0.575,1.03261,x,2,p,48,469,2,0,0,95,64332,92,0.642930624886589,0.898551304347826,b,
222,70,160,160, 47,0.516667,1.01613,x,2,p,48,470,2,0,0,126,64424,82.66672,0.577706151597008,0.846773647242808,a,
223,69,240,240, 47,0.4375,0.704762,e,2,p,48,471,2,0,0,74,64548,105,0.489186345022405,1,g,
224,70,240,240, 67,0.552083,1,e,2,p,48,474,2,0,0,265,64653,132.49992,0.617306205529153,1.0012588686846,J,
225,80,240,240, 68,0.552778,1,e,2,p,48,475,2,0,0,199,64719,132.66672,0.618083312980103,1.03517506123616,r,
226,79,240,240, 50,0.572222,1,e,2,p,48,478,2,0,0,824,64918,137.33328,0.639824431363224,1,b,
227,77,720,720, 50,0.572222,1,c,2,p,49,479,2,0,0,824,64918,411.99984,0.639824431363224,1.7475734942033,z,
228,76,240,240, 64,0.570833,1.22628,e,2,p,49,483,2,0,0,168,65193,136.99992,0.638271334601542,1.75182584048224,a,
229,75,240,240,60,1,1,e,2,p,49,484,2,0,0,240,65193,240,1.11814021719407,0.570833,l,
230,74,240,240, 49,0.572917,0.956364,e,2,p,49,487,2,0,0,263,65467,137.50008,0.640601538814174,1,a,
231,73,160,160, 62,0.572917,0.956364,x,2,p,50,488,2,0,0,263,65467,91.66672,0.640601538814174,1.09090845619872,t,
232,75,160,160, 59,0.580556,0.998804,x,2,p,50,490,2,0,0,835,65742,92.88896,0.649143011933319,1,b,
233,73,160,160, 59,0.580556,1,x,2,p,50,491,2,0,0,418,65742,92.88896,0.649143011933319,1,a,
234,72,240,240, 59,0.580556,0.998804,e,2,p,50,492,2,0,0,835,65742,139.33344,0.649143011933319,1.09808528376246,k,
235,73,240,240, 67,0.479167,1.02609,e,2,p,50,495,2,0,0,118,66020,115.00008,0.53577589345223,1.42608526881025,D,
236,77,240,240, 67,0.683333,0.5,e,2,p,50,496,2,0,0,82,66135,163.99992,0.764062109035874,0.847561876859452,p,
237,75,240,240, 71,0.579167,1,e,2,p,50,499,2,0,0,278,66299,139.00008,0.647589915171637,1.00239827200099,b,
238,73,960,960, 75,0.580556,1,h,2,p,51,500,2,0,0,209,66368,557.33376,0.649143011933319,1.00478334562041,u,
239,72,480,960,60,1,1,q,2,p,51,504,2,0,0,480,66577,960,1.11814021719407,1,l,
240,69,240,240,60,1,1,e,2,p,52,508,2,0,0,240,66857,240,1.11814021719407,0.583333,i,
241,70,240,240, 54,0.583333,0.964286,e,2,p,52,511,2,0,0,270,67137,139.99992,0.652248087316467,1,B,
242,72,240,240, 83,0.583333,1,e,2,p,52,512,2,0,0,280,67137,139.99992,0.652248087316467,1.42500081428618,l,
243,75,240,240, 86,0.8375,1.26119,e,2,p,52,515,2,0,0,169,67550,201,0.936442431900032,1,b,
244,72,960,960, 79,0.620833,1.24161,h,2,p,53,517,2,0,0,185,67818,595.99968,0.694178345461245,1.19463205080915,w,
245,70,480,480, 85,0.875,1.37143,q,2,p,53,521,2,0,0,288,68174,420,0.97837269004481,1.22857142857143,l,
246,70,720,720, 85,1.275,1.26797,c,2,p,54,524,2,0,0,388,68384,918,1.42562877692244,0.825709803921569,t,
247,68,240,240, 52,1.34167,1.24534,e,2,p,54,528,2,0,0,802,69162,322.0008,1.50017518520277,1.11180096446965,0,
248,68,160,160, 75,1.49167,1.13966,x,2,p,54,529,2,0,0,408,69448,238.6672,1.66789621778188,0.826811560197631,i,
249,67,160,160, 46,1.56458,1.06125,x,2,p,54,532,2,0,0,797,69806,250.3328,1.7494198210175,1.21171816078436,b,
250,65,160,160, 70,1.89583,1.12747,x,2,p,54,533,2,0,0,513,70102,303.3328,2.11980376796303,1.01538640067939,0,
251,65,960,960, 75,1.925,1.22727,h,2,p,55,534,2,0,0,378,70557,1848,2.15241991809858,0.717532467532468,n,
252,63,480,960, 83,1.19375,1.17277,q,2,p,55,538,2,0,0,224,71038,1146,1.33477988427542,0.642234136125654,c,
253,79,240,240, 83,0.845833,1.19212,e,2,f,56,542,2,0,0,242,71413,202.99992,0.94575989432991,1.07881815914016,p,
254,77,240,240, 58,0.989583,0.998947,e,2,f,56,547,2,0,0,949,72098,237.49992,1.10649255055156,0.964211187944821,b,
255,75,240,240, 33,0.954167,0.978166,e,2,f,56,548,2,0,0,1344,72098,229.00008,1.06689249661941,1.0480345683722,n,
256,73,240,240, 41,0.883333,0.931604,e,2,f,56,552,2,0,0,395,73048,211.99992,0.987690152474688,0.931604502492265,b,
257,71,960,960, 28,0.822917,1,h,2,p,57,553,2,0,0,395,73048,790.00032,0.920136593112691,1,#,
258,72,720,720, 43,1.19167,1,c,2,p,57,558,2,0,0,286,73896,858.0024,1.33245415262366,0.826921043577501,l,
259,73,240,240, 44,0.789583,0.598945,e,2,p,58,563,2,0,0,227,74369,189.49992,0.882864507112744,1,I,
260,82,240,240, 44,0.789583,0.598945,e,2,p,58,564,2,0,0,227,74369,189.49992,0.882864507112744,1.42480271231777,i,
261,80,240,240, 44,1.05625,1.05917,e,2,p,58,568,2,0,0,1611,74748,253.5,1.18103560441123,0.946745562130178,c,
262,77,240,240,60,1,1,e,2,p,58,569,2,0,0,240,74748,240,1.11814021719407,1.07708,p,
263,73,240,240, 45,1.22292,0.959114,e,2,p,58,572,2,0,0,563,75772,293.5008,1.36739603441097,1,0,
264,73,960,960, 37,1.22292,1,h,2,mp,59,573,2,0,0,587,75772,1174.0032,1.36739603441097,1,u,
265,72,480,480,60,1,1,q,2,mp,59,577,2,0,0,480,76359,480,1.11814021719407,1.05625,l,
266,69,73,74, 60,1.05417,0.960474,0,2,p,60,580,2,0,0,243,77052,78.00858,1.17870987275947,1.05533263135927,r,
267,70,73,74, 37,1.11667,0.998134,0,2,p,60,582,2,0,0,535,77305,82.63358,1.2485936363341,1,a,
268,69,73,74, 37,1.11667,0.998134,0,2,p,60,583,2,0,0,535,77305,82.63358,1.2485936363341,0.856340727341112,a,
269,68,73,74, 79,0.95625,1.40523,0,2,p,60,584,2,0,0,215,77483,70.7625,1.06922158269183,1.19607843137255,A,
270,69,73,74, 79,1.14375,0.972678,0,2,p,60,585,2,0,0,178,77636,84.6375,1.27887287341572,0.830601092896175,A,
271,70,73,74, 67,0.95,0.980263,0,2,p,60,586,2,0,0,894,77819,70.3,1.06223320633436,0.951754736842105,A,
272,71,73,74, 44,0.904167,1.02535,0,2,p,60,587,2,0,0,1335,77841,66.908358,1.01098548575971,1.10599037567175,k,
273,72,73,74, 44,0.95,0.938596,0,2,p,60,590,2,0,0,428,78275,70.3,1.06223320633436,0.702850526315789,A,
274,73,73,74, 49,0.667708,1.38534,0,2,p,60,591,2,0,0,444,78731,49.410392,0.746591168142217,1.38533610500398,A,
275,74,73,74, 44,0.925,1,0,2,p,60,592,2,0,0,444,78731,68.45,1.03427970090451,1,A,
276,75,73,74, 44,0.925,1,0,2,p,60,593,2,0,0,444,78731,68.45,1.03427970090451,1.59459459459459,A,
277,76,73,74, 66,1.475,1.22034,0,2,p,60,594,2,0,0,864,79175,109.15,1.64925682036125,0.677966101694915,A,
278,77,73,74,60,1,1,0,2,p,60,595,2,0,0,73,79175,74,1.11814021719407,3.45833,A,
279,78,240,360, 83,3.45833,0.716867,e,2,mp,60,596,2,0,0,595,79372,1244.9988,3.86689785732876,1,r,
280,69,120,120, 49,1.16875,1.13547,s,2,mp,60,599,2,0,0,637,79883,140.25,1.30682637884557,1,C,
281,72,960,960, 49,1.16875,0.964349,h,2,mp,61,600,2,0,0,541,79883,1122,1.30682637884557,0.862742245989305,c,
282,70,480,480, 49,1.00208,1,q,2,p,61,605,2,0,0,481,80444,480.9984,1.12046594884583,1.11019080312949,l,
283,70,720,720, 42,1.15833,1,c,2,p,62,608,2,0,0,556,80925,833.9976,1.29517535778241,1.1420924952302,t,
284,68,240,240, 39,1.46667,1,e,2,p,62,612,2,0,0,1056,82116,352.0008,1.63994271235202,1.11789291387974,0,
285,68,160,160, 29,1.63958,1,x,2,p,62,613,2,0,0,787,82116,262.3328,1.83328033730705,1,i,
286,67,160,160, 31,1.79583,0.737819,x,2,p,62,616,2,0,0,1908,82903,287.3328,2.00798974624362,0.556845581151891,b,
287,65,160,160,60,1,1,x,2,p,62,617,2,0,0,160,82903,160,1.11814021719407,2.47083,0,
288,65,960,960, 42,2.47083,0.214165,h,2,p,63,618,2,0,0,127,83172,2371.9968,2.76273439284962,0.655986045175103,z,
289,63,480,480, 39,1.09167,1.12977,q,2,p,63,623,2,0,0,296,84154,524.0016,1.22064013090425,0.656486850421831,c,
290,63,160,160, 47,0.929167,0.90583,x,2,p,64,627,2,0,0,202,84588,148.66672,1.03893899118956,1.10425789981779,x,
291,65,160,160, 31,1,1.05486,x,2,p,64,629,2,0,0,1519,84811,160,1.11814021719407,1,b,
292,63,160,160,60,1,1,x,2,p,64,630,2,0,0,160,84811,160,1.11814021719407,1.05208,a,
293,62,240,240, 23,1.05208,1,e,2,p,64,631,2,0,0,505,85291,252.4992,1.17637295970554,1,a,
294,63,240,240, 23,1.10996,1.00417,e,2,p,64,635,2,0,0,535,85796,266.3904,1.24109091547673,1.08355256045263,J,
295,73,240,240, 35,1.2027,1.29845,e,2,p,64,636,2,0,0,114,86331,288.648,1.34478723921931,0.997755051134946,h,
296,72,240,240, 49,1.2027,1.29845,e,2,p,64,641,2,0,0,114,86596,288.648,1.34478723921931,0.865170034089964,e,
297,68,960,960, 58,1.10811,1.40929,h,2,p,65,643,2,0,0,114,86762,1063.7856,1.23902235607492,1.09756251635668,x,
298,72,240,240, 65,1.21622,1.32907,e,2,p,65,647,2,0,0,118,86934,291.8928,1.35990449495577,0.966667214813109,a,
299,71,240,240, 65,1.17568,1.56133,e,2,mp,65,648,2,0,0,134,87024,282.1632,1.31457509055072,1.0229824442025,c,
300,68,960,960, 61,1.2027,1.41234,h,2,p,66,649,2,0,0,124,87111,1154.592,1.34478723921931,1.02247443252681,x,
301,77,480,480, 37,1.70278,1.51713,q,2,p,66,653,2,0,0,620,87499,817.3344,1.90394679903372,1.24183981489094,d,
302,73,960,480, 25,2.11458,1,h,2,p,67,655,2,0,0,1015,87508,1014.9984,2.36439694047423,0.472907149410285,c,
303,61,960,480, 34,0.965625,1,h,2,p,67,658,2,0,0,927,88523,463.5,1.07970414722802,1,f,
304,65,160,160, 32,1.04167,0.935333,x,2,p,67,660,2,0,0,1403,88523,166.6672,1.16473312004455,0.95999692800983,n,
305,67,160,160, 32,0.889583,0.997658,x,2,p,67,662,2,0,0,426,89023,142.33328,0.994678528832151,1,b,
306,65,160,160, 32,0.889583,0.960187,x,2,p,67,663,2,0,0,410,89023,142.33328,0.994678528832151,1.11709643731951,b,
307,63,480,480, 49,0.99375,1,q,2,p,68,664,2,0,0,477,89450,477,1.11115184083661,1,c,
308,72,480,480, 49,0.8625,1,q,2,p,68,667,2,0,0,621,89927,414,0.964395937329884,0.954106666666667,d,
309,73,480,480, 37,0.939583,0.997783,q,2,p,68,670,2,0,0,450,90322,450.99984,1.05058553969185,1,c,
310,70,960,480, 56,1.0125,1.47531,h,2,p,69,673,2,0,0,239,90773,486,1.13211696990899,1.00822716049383,c,
311,61,960,480, 65,1.025,1.46951,h,2,pp,69,676,2,0,0,241,90935,492,1.14609372262392,1,c,
312,65,160,160, 70,0.813542,1.00128,x,2,pp,69,678,2,0,0,782,91263,130.16672,0.909654028576497,0.975671815345735,n,
313,67,160,160, 37,0.833333,0.96,x,2,pp,69,680,2,0,0,384,91644,133.33328,0.931783141614985,1,b,
314,65,160,160, 37,0.833333,0.96,x,2,pp,69,681,2,0,0,384,91644,133.33328,0.931783141614985,1,b,
315,63,480,480, 37,0.833333,0.96,q,2,pp,70,682,2,0,0,384,91644,399.99984,0.931783141614985,1.20249648099859,c,
316,72,480,480, 37,1.00208,0.997921,q,2,pp,70,685,2,0,0,480,92044,480.9984,1.12046594884583,1,d,
317,77,480,480, 48,1.29792,1.00161,q,2,pp,70,688,2,0,0,624,92525,623.0016,1.45125655070053,1.00641796104536,d,
318,73,960,480, 53,1.20833,1.33448,h,2,pp,71,691,2,0,0,387,93148,579.9984,1.35108236864211,1.06379879668634,c,
319,61,960,480, 33,1.28542,0.952998,h,2,p,71,694,2,0,0,588,93148,617.0016,1.4372797979856,1.05996483639589,f,
320,65,160,160, 56,1.30417,1.4345,x,2,p,71,696,2,0,0,449,93765,208.6672,1.45824492705799,1,n,
321,67,160,160, 28,1.70417,1,x,2,p,71,698,2,0,0,818,93765,272.6672,1.90550101393562,1,b,
322,65,160,160, 28,1.70417,1,x,2,p,71,699,2,0,0,818,93765,272.6672,1.90550101393562,1,b,
323,63,480,480, 28,1.70417,1,q,2,p,72,700,2,0,0,818,93765,818.0016,1.90550101393562,1.23471836729904,c,
324,72,480,480, 42,1.70521,0.836286,q,2,p,72,703,2,0,0,1369,94583,818.5008,1.9066638797615,0.999390104444614,d,
325,73,480,480, 22,1.20417,1.41696,q,2,p,72,706,2,0,0,819,95401,578.0016,1.34643090533858,1.16608950563459,c,
326,70,960,480, 40,1.40417,1.12463,h,2,p,73,709,2,0,0,379,96557,674.0016,1.57005894877739,1,c,
327,61,960,480, 40,0.35,2.25595,h,2,p,73,712,2,0,0,379,96557,168,0.391349076017924,1,c,
328,65,160,160, 40,0.35,2.25595,x,2,p,73,714,2,0,0,379,96557,56,0.391349076017924,1,n,
329,67,160,160,60,1,1,x,2,p,73,716,2,0,0,160,96557,160,1.11814021719407,0.7,b,
330,65,160,160, 40,0.7,0.563988,x,2,p,73,717,2,0,0,379,96557,112,0.782698152035848,1,b,
331,63,960,960, 37,0.7,0.255952,h,2,p,74,718,2,0,0,172,96893,672,0.782698152035848,1,c,
332,77,480,480, 37,0.7,0.255952,q,2,p,74,722,2,0,0,172,96893,336,0.782698152035848,1,d,
333,73,960,480, 37,0.7,10.2857,h,2,p,75,725,2,0,0,1152,96893,336,0.782698152035848,1,c,
334,61,960,480, 37,0.7,3.42857,h,2,p,75,728,2,0,0,1152,96893,336,0.782698152035848,1,f,
335,65,160,160, 37,0.270833,8.86154,x,2,p,75,730,2,0,0,1152,96893,43.33328,0.302829269443321,1,n,
336,67,160,160, 37,0.54375,4.41379,x,2,p,75,732,2,0,0,1152,96893,87,0.607988743099275,0.501916321839081,b,
337,65,160,160, 37,0.272917,1.32824,x,2,p,75,733,2,0,0,174,97023,43.66672,0.305159473655954,1,b,
338,63,480,480, 37,0.272917,1.32061,q,2,p,76,734,2,0,0,173,97154,131.00016,0.305159473655954,1,c,
339,72,480,480, 37,0.68125,0.264526,q,2,p,76,737,2,0,0,173,97154,327,0.761733022963459,0.599387889908257,d,
340,73,480,480, 37,0.408333,0.471939,q,2,p,76,740,2,0,0,185,97481,195.99984,0.456573549307506,1,c,
341,70,960,480, 49,0.766667,1.00272,h,2,p,77,743,2,0,0,369,97677,368.00016,0.857241205895525,1.49999934782637,c,
342,61,960,480, 36,1.15,1.81522,h,2,p,77,746,2,0,0,1002,98045,552,1.28586124977318,1,c,
343,65,160,160, 36,1.15,1.81522,x,2,p,77,748,2,0,0,1002,98045,184,1.28586124977318,1,n,
344,67,160,160, 36,1.15,1.81522,x,2,p,77,750,2,0,0,1002,98045,184,1.28586124977318,1,b,
345,65,160,160, 36,1.15,1.81522,x,2,p,77,751,2,0,0,1002,98045,184,1.28586124977318,1,b,
346,63,480,480, 36,1.15,1.81522,q,2,p,78,752,2,0,0,1002,98045,552,1.28586124977318,1,c,
347,72,480,480, 36,1.15,0.907609,q,2,p,78,755,2,0,0,1002,98045,552,1.28586124977318,1,d,
348,77,480,480,60,1,1,q,2,p,78,758,2,0,0,480,98045,480,1.11814021719407,0.477083,d,
349,73,960,480, 64,1.46875,0.323404,h,2,p,79,761,2,0,0,76,98274,705,1.64226844400379,0.920565106382979,c,
350,61,960,480, 32,0.9875,0.64557,h,2,p,79,764,2,0,0,102,98509,474,1.10416346447914,0.801688101265823,f,
351,65,160,160, 29,0.791667,1,x,2,p,79,766,2,0,0,380,98667,126.66672,0.885194711325377,0.123684200554021,n,
352,67,160,160, 39,0.214583,1.32039,x,2,p,79,768,2,0,0,136,99047,34.33328,0.239933882226155,1,b,
353,65,160,160, 54,0.214583,8.62136,x,2,p,79,769,2,0,0,888,99047,34.33328,0.239933882226155,2.00971185974658,b,
354,63,480,480, 37,0.43125,2.24638,q,2,p,80,770,2,0,0,465,99047,207,0.482197968664942,0.502416231884058,c,
355,72,480,480, 52,0.214583,1.3301,q,2,p,80,773,2,0,0,137,99254,102.99984,0.239933882226155,2.504858259974,d,
356,73,480,480, 59,0.322917,1.21935,q,2,p,80,776,2,0,0,189,99357,155.00016,0.361066484515657,3.09677099688155,c,
357,70,960,480, 46,0.322917,0.232258,h,2,p,81,779,2,0,0,72,99512,155.00016,0.361066484515657,2.5935457098883,c,
358,61,960,480, 75,0.8375,1,h,2,p,81,782,2,0,0,134,99801,402,0.936442431900032,1,c,
359,65,160,160, 49,0.8375,1.13557,x,2,p,81,784,2,0,0,913,99935,134,0.936442431900032,1,n,
360,67,160,160, 49,0.8375,2.27114,x,2,p,81,786,2,0,0,913,99935,134,0.936442431900032,1,b,
361,65,160,160, 49,0.8375,2.27114,x,2,p,81,787,2,0,0,913,99935,134,0.936442431900032,1,b,
362,63,960,960, 49,0.8375,2.27114,h,2,p,82,788,2,0,0,913,99935,804,0.936442431900032,1,c,
363,72,480,480, 49,0.8375,1.13557,q,2,p,82,791,2,0,0,913,99935,402,0.936442431900032,1,0,
364,72,480,480, 49,0.8375,1.13557,q,2,p,83,792,2,0,0,913,99935,402,0.936442431900032,1,h,
365,72,480,480, 49,0.8375,1.13557,q,2,p,83,796,2,0,0,913,99935,402,0.936442431900032,1,h,
366,71,240,240, 49,0.8375,6.81343,e,2,p,83,800,2,0,0,913,99935,201,0.936442431900032,0.549751641791045,A,
367,72,240,240, 49,0.460417,4.13122,e,2,p,83,801,2,0,0,913,99935,110.50008,0.514810764379841,1,A,
368,73,480,480, 49,0.460417,4.13122,q,2,p,84,802,2,0,0,913,99935,221.00016,0.514810764379841,1.99547366843535,h,
369,73,480,480, 56,0.304167,1,q,2,p,84,806,2,0,0,146,100376,146.00016,0.340101355443268,1,h,
370,72,240,240, 49,0.304167,1.06849,e,2,p,84,810,2,0,0,312,100522,73.00008,0.340101355443268,1,A,
371,73,240,240, 49,0.304167,1.06849,e,2,p,84,811,2,0,0,312,100522,73.00008,0.340101355443268,1,A,
372,74,480,480, 49,0.304167,2.13699,q,2,p,85,812,2,0,0,312,100522,146.00016,0.340101355443268,3.28766762995328,i,
373,74,480,480, 61,2.0375,0.93865,q,2,p,85,816,2,0,0,306,100522,978,2.27821069253291,0.333333496932515,i,
374,72,240,240, 58,0.679167,2.58589,e,2,p,85,820,2,0,0,843,100848,163.00008,0.759403936891044,1,B,
375,74,240,240, 58,0.679167,2.58589,e,2,p,85,821,2,0,0,843,100848,163.00008,0.759403936891044,1,A,
376,75,480,480, 58,0.679167,2.58589,q,2,p,86,822,2,0,0,843,100848,326.00016,0.759403936891044,1,h,
377,75,480,480, 58,0.197917,8.87368,q,2,p,86,826,2,0,0,843,100848,95.00016,0.221298957366398,1,h,
378,74,240,240, 75,0.704167,0.142012,e,2,p,86,830,2,0,0,96,101039,169.00008,0.787357442320896,0.431952931619914,A,
379,75,240,240, 72,0.304167,1,e,2,p,86,831,2,0,0,146,101135,73.00008,0.340101355443268,3.28766762995328,A,
380,76,480,480,60,1,1,q,2,p,87,832,2,0,0,480,101135,480,1.11814021719407,0.30625,i,
381,76,480,480, 70,0.545833,1,q,2,p,87,836,2,0,0,262,101428,261.99984,0.61031782917169,1.50000091603109,i,
382,74,240,240, 52,0.483333,3.81897,e,2,p,87,840,2,0,0,886,101690,115.99992,0.540434065597061,1.93534685196335,B,
383,76,240,240, 52,0.935417,1.97327,e,2,p,87,841,2,0,0,886,101690,224.50008,1.04592736754702,0.483295685239845,A,
384,77,480,480, 75,0.452083,0.354839,q,2,p,88,842,2,0,0,77,101922,216.99984,0.505492183809746,1,i,
385,77,480,480, 59,0.29375,2,q,2,p,88,846,2,0,0,282,102280,141,0.328453688800758,1,i,
386,76,240,240, 59,0.29375,2,e,2,p,88,850,2,0,0,282,102280,70.5,0.328453688800758,3.40425531914894,A,
387,77,240,240,60,1,1,e,2,p,88,851,2,0,0,240,102280,240,1.11814021719407,0.29375,B,
388,79,480,480, 59,0.29375,1,q,2,p,89,852,2,0,0,282,102280,141,0.328453688800758,1,i,
389,79,480,480, 64,0.616667,3,q,2,f,89,856,2,0,0,296,102280,296.00016,0.689520173316415,1,i,
390,77,240,240, 56,0.0805556,6.32328,e,2,f,89,860,2,0,0,489,102576,19.333344,0.0900724560801985,1,B,
391,79,240,240, 85,0.0805556,3.05172,e,2,f,89,861,2,0,0,118,102692,19.333344,0.0900724560801985,12.4137862544628,A,
392,80,480,480,60,1,1,q,2,f,90,862,2,0,0,480,102692,480,1.11814021719407,0.0805556,h,
393,82,240,480, 85,0.0805556,3.05172,e,2,f,90,866,2,0,0,118,102692,38.666688,0.0900724560801985,1,i,
394,77,480,480, 85,0.0805556,1.52586,q,2,f,90,870,2,0,0,118,102692,38.666688,0.0900724560801985,1,d,
395,73,960,480, 85,0.0805556,6.10345,h,2,p,91,872,2,0,0,118,102692,38.666688,0.0900724560801985,6.05172079905059,c,
396,61,960,480, 85,0.4875,0.504274,h,2,p,91,875,2,0,0,118,102692,234,0.545093355882108,1,f,
397,65,160,160, 79,0.4875,0.782051,x,2,p,91,877,2,0,0,183,102926,78,0.545093355882108,1,n,
398,67,160,160, 56,0.38125,0.822404,x,2,p,91,879,2,0,0,301,102926,61,0.426290957805239,1,b,
399,65,160,160, 56,0.38125,0.822404,x,2,p,91,880,2,0,0,301,102926,61,0.426290957805239,2,b,
400,63,480,480, 56,0.7625,1.64481,q,2,p,92,881,2,0,0,301,102926,366,0.852581915610477,1,c,
401,72,480,480, 56,0.7625,0.942623,q,2,p,92,884,2,0,0,345,103292,366,0.852581915610477,1,d,
402,73,480,480, 56,0.7625,0.942623,q,2,p,92,887,2,0,0,345,103292,366,0.852581915610477,1,c,
403,70,960,480, 56,0.7625,0.471311,h,2,p,93,890,2,0,0,345,103292,366,0.852581915610477,1,c,
404,61,960,480, 56,0.7625,0.942623,h,2,p,93,893,2,0,0,345,103292,366,0.852581915610477,1,c,
405,65,160,160, 56,0.7625,0.942623,x,2,p,93,895,2,0,0,345,103292,122,0.852581915610477,1,n,
406,67,160,160, 56,0.7625,0.942623,x,2,p,93,897,2,0,0,345,103292,122,0.852581915610477,1,b,
407,65,160,160, 56,0.7625,0.942623,x,2,p,93,898,2,0,0,345,103292,122,0.852581915610477,1,b,
408,63,480,480, 56,0.7625,0.471311,q,2,p,94,899,2,0,0,345,103292,366,0.852581915610477,1,c,
409,72,480,480, 56,0.7625,1.88525,q,2,p,94,902,2,0,0,345,103292,366,0.852581915610477,1,d,
410,77,480,480, 56,0.7625,0.942623,q,2,p,94,905,2,0,0,345,103292,366,0.852581915610477,1,d,
411,73,960,480, 56,0.7625,0.942623,h,2,p,95,908,2,0,0,345,103292,366,0.852581915610477,0.558743606557377,c,
412,61,960,480, 56,0.733333,1.96023,h,2,p,95,911,2,0,0,345,103292,351.99984,0.819969119895578,1.32386378357445,f,
413,65,160,160, 49,0.970833,1.26395,x,2,p,95,913,2,0,0,589,103701,155.33328,1.08552742147917,1,n,
414,67,160,160, 49,0.970833,1.26395,x,2,p,95,915,2,0,0,589,103701,155.33328,1.08552742147917,1,b,
415,65,160,160, 49,0.970833,1.26395,x,2,p,95,916,2,0,0,589,103701,155.33328,1.08552742147917,1,b,
416,63,480,480, 49,0.970833,1.26395,q,2,p,96,917,2,0,0,589,103701,465.99984,1.08552742147917,1,c,
417,72,480,480, 49,0.970833,0.631974,q,2,p,96,920,2,0,0,589,103701,465.99984,1.08552742147917,1,d,
418,73,480,480, 49,0.970833,1.26395,q,2,p,96,923,2,0,0,589,103701,465.99984,1.08552742147917,1,c,
419,70,960,480, 51,0.970833,1.0515,h,2,p,97,926,2,0,0,490,103701,465.99984,1.08552742147917,1,c,
420,61,960,480, 51,0.390625,1.30667,h,2,p,97,929,2,0,0,490,103701,187.5,0.436773522341433,1,c,
421,65,160,160, 51,0.390625,5.22667,x,2,p,97,931,2,0,0,490,103701,62.5,0.436773522341433,1,n,
422,67,160,160, 51,0.78125,1.30667,x,2,p,97,933,2,0,0,490,103701,125,0.873547044682866,1,b,
423,65,160,160, 51,0.78125,1.30667,x,2,p,97,934,2,0,0,490,103701,125,0.873547044682866,1,b,
424,63,960,960, 51,0.78125,1.016,h,2,p,98,935,2,0,0,381,104076,750,0.873547044682866,1,c,
425,72,480,480, 51,0.78125,2.032,q,2,p,98,938,2,0,0,381,104076,375,0.873547044682866,1,0,
426,72,480,480, 51,0.78125,2.032,q,2,p,99,939,2,0,0,381,104076,375,0.873547044682866,1,h,
427,72,480,480, 51,0.78125,1.06667,q,2,p,99,943,2,0,0,400,104076,375,0.873547044682866,1,h,
428,71,240,240, 51,0.78125,0.533333,e,2,p,99,947,2,0,0,400,104076,187.5,0.873547044682866,1,A,
429,72,240,240, 51,0.78125,1.06667,e,2,p,99,948,2,0,0,400,104076,187.5,0.873547044682866,1.28,A,
430,73,480,480,60,1,1,q,2,p,100,949,2,0,0,480,104076,480,1.11814021719407,0.78125,h,
431,73,480,480, 42,0.445833,1,q,2,p,100,953,2,0,0,214,104290,213.99984,0.498503807452283,1,h,
432,72,240,240, 42,0.445833,2.21963,e,2,p,100,957,2,0,0,475,104504,106.99992,0.498503807452283,0.911215634553746,A,
433,73,240,240, 42,0.40625,2.4359,e,2,p,100,958,2,0,0,475,104504,97.5,0.45424446323509,1,A,
434,74,480,480, 42,0.40625,2.4359,q,2,p,101,959,2,0,0,475,104504,195,0.45424446323509,1,i,
435,74,480,480, 39,0.75,0.438889,q,2,p,101,963,2,0,0,158,105059,360,0.838605162895551,1,i,
436,72,240,240, 39,0.75,0.438889,e,2,p,101,967,2,0,0,158,105059,180,0.838605162895551,1.33333333333333,B,
437,74,240,240,60,1,1,e,2,p,101,968,2,0,0,240,105059,240,1.11814021719407,0.75,A,
438,75,480,480, 39,0.75,0.219444,q,2,p,102,969,2,0,0,158,105059,360,0.838605162895551,1,h,
439,75,480,480, 27,0.75,8.15833,q,2,p,102,973,2,0,0,979,105059,360,0.838605162895551,1,h,
440,74,240,240, 27,0.75,2.71944,e,2,p,102,977,2,0,0,979,105059,180,0.838605162895551,1,A,
441,75,240,240, 27,0.75,2.71944,e,2,p,102,978,2,0,0,979,105059,180,0.838605162895551,1,A,
442,76,480,480, 27,0.75,1.33056,q,2,p,103,979,2,0,0,479,105059,360,0.838605162895551,1,i,
443,76,480,480, 27,0.66875,3.04984,q,2,p,103,983,2,0,0,979,105059,321,0.747756270248533,1.09034317757009,i,
444,74,240,240,60,1,1,e,2,p,103,987,2,0,0,240,105380,240,1.11814021719407,0.360417,B,
445,76,240,240, 39,0.360417,0.416185,e,2,p,103,988,2,0,0,144,105538,86.50008,0.402996742660435,1,A,
446,77,480,480, 41,0.360417,0.16763,q,2,p,104,989,2,0,0,58,105538,173.00016,0.402996742660435,1.42196400280786,i,
447,77,480,480, 61,1.5375,0.186992,q,2,p,104,993,2,0,0,46,106039,738,1.71914058393588,0.307588292682927,i,
448,76,240,240, 61,0.477083,0.331878,e,2,p,104,997,2,0,0,76,106266,114.49992,0.533445689239598,1,A,
449,77,240,240, 61,0.477083,0.563319,e,2,p,104,998,2,0,0,129,106342,114.49992,0.533445689239598,0.663756620965325,B,
450,79,480,480, 55,0.316667,0.848684,q,2,p,105,999,2,0,0,129,106495,152.00016,0.354078108158194,1,i,
451,79,480,480, 43,0.316667,1.03618,q,2,f,105,1003,2,0,0,315,106647,152.00016,0.354078108158194,1,i,
452,77,240,240, 43,0.316667,1.03618,e,2,f,105,1007,2,0,0,315,106647,76.00008,0.354078108158194,1,B,
453,79,240,240, 60,0.316667,1.03618,e,2,f,105,1008,2,0,0,315,106647,76.00008,0.354078108158194,1,A,
454,80,480,480, 60,0.316667,6.21711,q,2,f,106,1009,2,0,0,315,106647,152.00016,0.354078108158194,2.07894412742723,h,
455,82,240,480, 72,0.0895833,1,e,2,f,106,1013,2,0,0,86,106963,42.999984,0.100166690518961,1,i,
456,77,480,480,60,1,1,q,2,f,106,1017,2,0,0,480,107049,480,1.11814021719407,0.0597222,d,
457,73,960,480, 62,0.0597222,4.5,h,2,p,107,1019,2,0,0,129,107049,28.666656,0.0667777936793076,1,c,
458,61,960,480, 62,0.0597222,4.5,h,2,p,107,1022,2,0,0,129,107049,28.666656,0.0667777936793076,1,f,
459,65,160,160, 62,0.0597222,2.25,x,2,p,107,1024,2,0,0,129,107049,9.555552,0.0667777936793076,1,n,
460,67,160,160, 62,0.0597222,9,x,2,p,107,1026,2,0,0,129,107049,9.555552,0.0667777936793076,1,b,
461,65,160,160, 62,0.0597222,9,x,2,p,107,1027,2,0,0,129,107049,9.555552,0.0667777936793076,1,b,
462,63,480,480, 62,0.0597222,4.5,q,2,p,108,1028,2,0,0,129,107049,28.666656,0.0667777936793076,1,c,
463,72,480,480, 62,0.0597222,4.5,q,2,p,108,1031,2,0,0,129,107049,28.666656,0.0667777936793076,1,d,
464,73,480,480, 62,0.294792,0.45583,q,2,p,108,1034,2,0,0,129,107049,141.50016,0.329618790907074,1,c,
465,70,960,480, 53,0.358333,1.4186,h,2,p,109,1037,2,0,0,122,107136,171.99984,0.400666538447802,0.639536408871078,c,
466,61,960,480, 59,0.229167,0.381818,h,2,p,109,1040,2,0,0,42,107332,110.00016,0.256240839153713,1,c,
467,65,160,160, 59,0.229167,0.381818,x,2,p,109,1042,2,0,0,42,107332,36.66672,0.256240839153713,1,n,
468,67,160,160, 59,0.229167,0.190909,x,2,p,109,1044,2,0,0,42,107332,36.66672,0.256240839153713,1,b,
469,65,160,160, 59,0.229167,0.190909,x,2,p,109,1045,2,0,0,42,107332,36.66672,0.256240839153713,1,b,
470,63,480,480, 59,0.229167,0.763636,q,2,p,110,1046,2,0,0,42,107332,110.00016,0.256240839153713,1,c,
471,72,480,480, 59,0.229167,0.381818,q,2,p,110,1049,2,0,0,42,107332,110.00016,0.256240839153713,1,d,
472,77,480,480, 59,0.229167,0.381818,q,2,p,110,1052,2,0,0,42,107332,110.00016,0.256240839153713,1,d,
473,73,960,480, 59,0.229167,0.190909,h,2,p,111,1055,2,0,0,42,107332,110.00016,0.256240839153713,1,c,
474,61,960,480, 59,0.229167,0.381818,h,2,p,111,1058,2,0,0,42,107332,110.00016,0.256240839153713,1,f,
475,65,160,160, 59,0.229167,0.381818,x,2,p,111,1060,2,0,0,42,107332,36.66672,0.256240839153713,1,n,
476,67,160,160, 59,0.229167,0.381818,x,2,p,111,1062,2,0,0,42,107332,36.66672,0.256240839153713,1,b,
477,65,160,160, 59,0.229167,0.381818,x,2,p,111,1063,2,0,0,42,107332,36.66672,0.256240839153713,1,b,
478,63,480,480, 59,0.229167,0.190909,q,2,p,112,1064,2,0,0,42,107332,110.00016,0.256240839153713,1,c,
479,72,480,480, 59,0.229167,0.763636,q,2,p,112,1067,2,0,0,42,107332,110.00016,0.256240839153713,1,d,
480,73,480,480, 59,0.229167,0.381818,q,2,p,112,1070,2,0,0,42,107332,110.00016,0.256240839153713,1,c,
481,70,960,480, 59,0.229167,0.381818,h,2,p,113,1073,2,0,0,42,107332,110.00016,0.256240839153713,0.499997818184992,c,
482,61,960,480, 59,0.114583,1.52727,h,2,p,113,1076,2,0,0,42,107332,54.99984,0.128119860506748,1,c,
483,65,160,160, 59,0.229167,0.381818,x,2,p,113,1078,2,0,0,42,107332,36.66672,0.256240839153713,1,n,
484,67,160,160, 64,0.229167,0.609091,x,2,p,113,1080,2,0,0,67,107442,36.66672,0.256240839153713,1,b,
485,65,160,160, 64,0.229167,0.609091,x,2,p,113,1081,2,0,0,67,107442,36.66672,0.256240839153713,1,b,
486,63,960,960, 64,0.229167,0.609091,h,2,p,114,1082,2,0,0,67,107442,220.00032,0.256240839153713,1,c,
487,75,240,240, 64,0.229167,0.304545,e,2,p,114,1085,2,0,0,67,107442,55.00008,0.256240839153713,1,a,
488,74,240,240, 64,0.229167,1.21818,e,2,p,114,1086,2,0,0,67,107442,55.00008,0.256240839153713,1,a,
489,73,160,160, 64,0.229167,1.21818,x,2,p,115,1087,2,0,0,67,107442,36.66672,0.256240839153713,0.609088568598446,t,
490,75,160,160, 64,0.139583,1,x,2,p,115,1089,2,0,0,67,107442,22.33328,0.1560733659366,3.98508414348452,b,
491,73,160,160, 64,0.55625,0.250936,x,2,p,115,1090,2,0,0,67,107442,89,0.621965495814201,1,a,
492,72,240,240, 71,0.55625,1,e,2,p,115,1091,2,0,0,267,107442,133.5,0.621965495814201,0.749064269662921,k,
493,73,240,240, 65,0.416667,8.75,e,2,p,115,1094,2,0,0,875,107709,100.00008,0.465892129877601,1,D,
494,77,240,240, 65,0.416667,8.75,e,2,p,115,1095,2,0,0,875,107709,100.00008,0.465892129877601,2.39999808000154,p,
495,75,240,240, 65,0.416667,4.375,e,2,p,115,1098,2,0,0,875,107709,100.00008,0.465892129877601,1,b,
496,73,960,960, 65,0.416667,4.375,h,2,p,116,1099,2,0,0,875,107709,400.00032,0.465892129877601,2.39999808000154,u,
497,72,480,960, 65,0.416667,4.375,q,2,p,116,1103,2,0,0,875,107709,400.00032,0.465892129877601,2.39999808000154,l,
498,69,240,240, 65,0.416667,13.125,e,2,p,117,1107,2,0,0,875,107709,100.00008,0.465892129877601,1,i,
499,70,240,240, 65,0.416667,13.125,e,2,p,117,1110,2,0,0,875,107709,100.00008,0.465892129877601,1.0949991240007,B,
500,72,240,240, 65,0.45625,3.99543,e,2,p,117,1111,2,0,0,875,107709,109.5,0.510151474094794,1,l,
501,75,240,240, 72,0.45625,0.333333,e,2,p,117,1114,2,0,0,73,107928,109.5,0.510151474094794,1,b,
502,72,960,960, 67,0.304167,0.842466,h,2,p,118,1116,2,0,0,123,108147,292.00032,0.340101355443268,1,w,
503,70,480,480, 62,0.304167,0.955479,q,2,p,118,1120,2,0,0,279,108293,146.00016,0.340101355443268,1,l,
504,70,720,720,60,1,1,c,2,p,119,1123,2,0,0,720,108293,720,1.11814021719407,0.304167,t,
505,68,240,240, 78,0.60625,0.934708,e,2,p,119,1127,2,0,0,272,108293,145.5,0.677872506673904,1,0,
506,68,160,160, 68,0.60625,1.09278,x,2,p,119,1128,2,0,0,106,108584,97,0.677872506673904,1,i,
507,67,160,160, 68,0.166667,4.4625,x,2,p,119,1131,2,0,0,357,108584,26.66672,0.186357075579084,3.03749392501215,b,
508,65,160,160, 68,0.50625,2.96708,x,2,p,119,1132,2,0,0,721,108584,81,0.566058484954497,1.13991703703704,0,
509,65,960,960, 68,0.577083,0.386282,h,2,mp,120,1133,2,0,0,107,108664,553.99968,0.645259710959005,1,n,
510,63,480,960, 76,0.2375,0.912281,q,2,p,120,1137,2,0,0,104,108941,228,0.265558301583591,2.19298105263158,c,
511,79,240,240, 81,0.520833,0.216,e,2,f,121,1141,2,0,0,54,109305,124.99992,0.582364323741838,1.92000122880079,p,
512,77,240,240, 78,1.44792,0.210072,e,2,f,121,1146,2,0,0,146,109662,347.5008,1.61897758327964,1,b,
513,75,240,240, 78,1.44792,0.630216,e,2,f,121,1147,2,0,0,146,109808,347.5008,1.61897758327964,0.630214376484889,n,
514,73,240,240, 73,0.789583,0.725594,e,2,f,121,1151,2,0,0,275,110357,189.49992,0.882864507112744,1.50132411665398,b,
515,71,960,960, 45,1.18542,1.08084,h,2,p,122,1152,2,0,0,615,110357,1138.0032,1.32546577626619,1,#,
516,72,720,720, 47,0.895833,0.609302,c,2,p,122,1157,2,0,0,262,110926,644.99976,1.00166690518961,0.544186248999534,l,
517,73,240,240, 47,1.01458,0.5,e,2,p,123,1162,2,0,0,487,111356,243.4992,1.13444270156076,0.568790041199314,I,
518,82,240,240, 67,0.577083,0.628159,e,2,p,123,1163,2,0,0,348,111566,138.49992,0.645259710959005,5.06859498547003,i,
519,80,240,240, 47,1.90625,2.54098,e,2,p,123,1167,2,0,0,775,112311,457.5,2.13145478902619,0.174317114754098,c,
520,77,240,240, 56,0.332292,1.20063,e,2,p,123,1168,2,0,0,383,112616,79.75008,0.371549049051851,1,p,
521,73,240,240, 47,1.09167,2.45802,e,2,p,123,1171,2,0,0,644,112935,262.0008,1.22064013090425,0.916027737319886,0,
522,73,960,960,60,1,1,h,2,mp,124,1172,2,0,0,960,112935,960,1.11814021719407,1.5875,u,
523,72,480,480,60,1,1,q,2,mp,124,1176,2,0,0,480,113578,480,1.11814021719407,1.09375,l,
524,69,80,80, 62,0.983333,1.1822,y,2,mp,125,1179,2,0,0,279,114246,78.66664,1.09950417419409,1.00211932275231,r,
525,70,80,80, 50,0.985417,0.801268,y,2,mp,125,1181,2,0,0,379,114246,78.83336,1.10183437840673,1.00211382592344,a,
526,69,80,80, 68,0.9875,1.16878,y,2,mp,125,1182,2,0,0,277,114482,79,1.10416346447914,0.966245063291139,a,
527,68,80,80, 54,0.954167,1.41048,y,2,mp,125,1183,2,0,0,323,114719,76.33336,1.06689249661941,1.01310043210465,A,
528,69,80,80, 40,0.966667,0.887931,y,2,mp,125,1184,2,0,0,412,114719,77.33336,1.08086924933434,1,C,
529,72,80,80, 40,0.966667,0.887931,y,2,mp,125,1185,2,0,0,412,114719,77.33336,1.08086924933434,1.01293103002378,C,
530,75,80,80, 62,0.979167,1.34468,y,2,mp,125,1186,2,0,0,316,114948,78.33336,1.09484600204926,0.954254994296172,o,
531,78,80,80,60,1,1,y,2,mp,125,1189,2,0,0,80,115183,80,1.11814021719407,1.03958,C,
532,81,80,80, 41,1.03958,0.843687,y,2,mp,125,1190,2,0,0,421,115581,83.1664,1.16239620699061,1,C,
533,84,80,80, 41,1.03958,0.843687,y,2,mp,125,1191,2,0,0,421,115581,83.1664,1.16239620699061,0.769541545624194,C,
534,87,80,80, 34,0.8,1.05729,y,2,mp,125,1192,2,0,0,406,116080,64,0.894512173755255,1.05729125,B,
535,89,80,80, 31,0.845833,1,y,2,mp,125,1193,2,0,0,406,116080,67.66664,0.94575989432991,1,A,
536,90,240,360, 31,0.845833,1,e,2,mp,125,1194,2,0,0,406,116080,304.49988,0.94575989432991,0.891626361232064,#,
537,69,120,120,60,1,1,s,2,mp,125,1197,2,0,0,120,116486,120,1.11814021719407,0.845833,C,
538,72,960,960, 41,0.845833,1.17241,h,2,mp,126,1198,2,0,0,238,116848,811.99968,0.94575989432991,0.901478187774655,c,
539,70,480,480, 46,0.829167,0.801508,q,2,p,126,1203,2,0,0,319,117214,398.00016,0.927124969470154,1,l,
540,70,720,720, 74,1.23333,0.949324,c,2,p,127,1206,2,0,0,281,117389,887.9976,1.37903587407196,0.648650401757843,t,
541,68,240,240, 32,0.835417,1,e,2,p,127,1210,2,0,0,401,117979,200.50008,0.934113345827617,1,0,
542,68,160,160, 32,0.835417,0.957606,x,2,p,127,1211,2,0,0,384,117979,133.66672,0.934113345827617,1.35411417292203,i,
543,67,160,160, 32,1.13125,1,x,2,p,127,1214,2,0,0,543,118380,181,1.26489612070079,0.815223867403315,b,
544,65,160,160, 49,0.922222,1.21837,x,2,p,127,1215,2,0,0,809,118923,147.55552,1.03117350738115,0.951054084591346,0,
545,65,960,960, 37,0.877083,1.13064,h,2,p,128,1216,2,0,0,1428,118923,841.99968,0.980701776117225,1.14014295112321,z,
546,63,480,480, 59,1.08125,1.3237,q,2,p,128,1221,2,0,0,229,119830,519,1.20898910984109,1.00385664739884,c,
547,63,160,160, 74,1.08125,0.872832,x,2,p,129,1225,2,0,0,151,120178,173,1.20898910984109,0.925817341040462,x,
548,65,160,160, 37,0.885417,1.08392,x,2,p,129,1227,2,0,0,1382,120351,141.66672,0.99002035668732,1.12941133951573,b,
549,63,160,160,60,1,1,x,2,p,129,1228,2,0,0,160,120351,160,1.11814021719407,1.11667,a,
550,62,240,240, 37,1.11667,0.968284,e,2,p,129,1229,2,0,0,519,120776,268.0008,1.2485936363341,1,a,
551,63,240,240, 37,0.877083,1.00238,e,2,p,129,1233,2,0,0,422,121312,210.49992,0.980701776117225,1.8218572244588,J,
552,73,240,240, 64,1.59792,1.35332,e,2,p,129,1234,2,0,0,1038,121733,383.5008,1.78669861585875,0.625813557624912,h,
553,72,240,240, 42,1.09375,0.998095,e,2,p,129,1239,2,0,0,524,122500,262.5,1.22296586255601,1,e,
554,68,960,960, 71,0.916667,1.37727,h,2,pp,130,1241,2,0,0,303,122805,880.00032,1.02496223847464,0.859090596694328,x,
